"length","memory","time"
4,5936,0.00011889999999999123
4,5936,0.00013820000000000499
4,5936,0.00012270000000000336
4,5880,0.00012270000000000336
4,5880,0.00012929999999999886
3,6008,0.00013330000000000286
6,17896,0.0008042999999999939
2,4998,0.00015460000000000473
13,8056,0.0004320000000000018
10,25216,0.0016289000000000026
5,5808,0.00021419999999999773
11,14560,0.0009069000000000021
